{
	"credit": "Made with Blockbench",
	"parent": "scudomedievale",
	"texture_size": [32, 32],
	"textures": {
		"0": "./texture",
		"particle": "./texture"
	},
	"elements": [
		{
			"from": [2, 0, 7],
			"to": [14, 1, 8],
			"faces": {
				"north": {"uv": [7, 1, 13, 1.5], "texture": "#0"},
				"east": {"uv": [14, 3.5, 14.5, 4], "texture": "#0"},
				"south": {"uv": [7, 1.5, 13, 2], "texture": "#0"},
				"west": {"uv": [14, 4, 14.5, 4.5], "texture": "#0"},
				"up": {"uv": [13, 2.5, 7, 2], "texture": "#0"},
				"down": {"uv": [13, 2.5, 7, 3], "texture": "#0"}
			}
		},
		{
			"from": [0, 2, 7],
			"to": [2, 3, 8],
			"rotation": {"angle": 0, "axis": "y", "origin": [2.5, 2, 7.5]},
			"faces": {
				"north": {"uv": [13, 2, 14, 2.5], "texture": "#0"},
				"east": {"uv": [14, 8, 14.5, 8.5], "texture": "#0"},
				"south": {"uv": [13, 2.5, 14, 3], "texture": "#0"},
				"west": {"uv": [8.5, 14, 9, 14.5], "texture": "#0"},
				"up": {"uv": [14, 3.5, 13, 3], "texture": "#0"},
				"down": {"uv": [14, 3.5, 13, 4], "texture": "#0"}
			}
		},
		{
			"from": [1, 1, 7],
			"to": [3, 2, 8],
			"rotation": {"angle": 0, "axis": "y", "origin": [2.5, 2, 7.5]},
			"faces": {
				"north": {"uv": [13, 4, 14, 4.5], "texture": "#0"},
				"east": {"uv": [14, 8.5, 14.5, 9], "texture": "#0"},
				"south": {"uv": [13, 4.5, 14, 5], "texture": "#0"},
				"west": {"uv": [9, 14, 9.5, 14.5], "texture": "#0"},
				"up": {"uv": [14, 8.5, 13, 8], "texture": "#0"},
				"down": {"uv": [14, 8.5, 13, 9], "texture": "#0"}
			}
		},
		{
			"from": [13, 1, 7],
			"to": [15, 2, 8],
			"faces": {
				"north": {"uv": [13, 9, 14, 9.5], "texture": "#0"},
				"east": {"uv": [14, 9, 14.5, 9.5], "texture": "#0"},
				"south": {"uv": [9.5, 13, 10.5, 13.5], "texture": "#0"},
				"west": {"uv": [9.5, 14, 10, 14.5], "texture": "#0"},
				"up": {"uv": [14, 10.5, 13, 10], "texture": "#0"},
				"down": {"uv": [11.5, 13, 10.5, 13.5], "texture": "#0"}
			}
		},
		{
			"from": [14, 2, 7],
			"to": [16, 3, 8],
			"faces": {
				"north": {"uv": [11.5, 13, 12.5, 13.5], "texture": "#0"},
				"east": {"uv": [10, 14, 10.5, 14.5], "texture": "#0"},
				"south": {"uv": [12.5, 13, 13.5, 13.5], "texture": "#0"},
				"west": {"uv": [14, 10, 14.5, 10.5], "texture": "#0"},
				"up": {"uv": [8, 14, 7, 13.5], "texture": "#0"},
				"down": {"uv": [9, 13.5, 8, 14], "texture": "#0"}
			}
		},
		{
			"from": [15, 3, 7],
			"to": [16, 13, 8],
			"faces": {
				"north": {"uv": [0, 10.5, 0.5, 15.5], "texture": "#0"},
				"east": {"uv": [0.5, 10.5, 1, 15.5], "texture": "#0"},
				"south": {"uv": [1, 10.5, 1.5, 15.5], "texture": "#0"},
				"west": {"uv": [1.5, 10.5, 2, 15.5], "texture": "#0"},
				"up": {"uv": [11, 14.5, 10.5, 14], "texture": "#0"},
				"down": {"uv": [11.5, 14, 11, 14.5], "texture": "#0"}
			}
		},
		{
			"from": [0, 3, 7],
			"to": [1, 13, 8],
			"faces": {
				"north": {"uv": [2, 10.5, 2.5, 15.5], "texture": "#0"},
				"east": {"uv": [2.5, 10.5, 3, 15.5], "texture": "#0"},
				"south": {"uv": [3, 10.5, 3.5, 15.5], "texture": "#0"},
				"west": {"uv": [3.5, 10.5, 4, 15.5], "texture": "#0"},
				"up": {"uv": [12, 14.5, 11.5, 14], "texture": "#0"},
				"down": {"uv": [12.5, 14, 12, 14.5], "texture": "#0"}
			}
		},
		{
			"from": [13, 14, 7],
			"to": [15, 15, 8],
			"rotation": {"angle": 0, "axis": "y", "origin": [2.5, 2, 7.5]},
			"faces": {
				"north": {"uv": [9.5, 13.5, 10.5, 14], "texture": "#0"},
				"east": {"uv": [12.5, 14, 13, 14.5], "texture": "#0"},
				"south": {"uv": [13.5, 9.5, 14.5, 10], "texture": "#0"},
				"west": {"uv": [13, 14, 13.5, 14.5], "texture": "#0"},
				"up": {"uv": [11.5, 14, 10.5, 13.5], "texture": "#0"},
				"down": {"uv": [12.5, 13.5, 11.5, 14], "texture": "#0"}
			}
		},
		{
			"from": [14, 13, 7],
			"to": [16, 14, 8],
			"rotation": {"angle": 0, "axis": "y", "origin": [2.5, 2, 7.5]},
			"faces": {
				"north": {"uv": [13.5, 11.5, 14.5, 12], "texture": "#0"},
				"east": {"uv": [13.5, 14, 14, 14.5], "texture": "#0"},
				"south": {"uv": [13.5, 12, 14.5, 12.5], "texture": "#0"},
				"west": {"uv": [14, 14, 14.5, 14.5], "texture": "#0"},
				"up": {"uv": [13.5, 14, 12.5, 13.5], "texture": "#0"},
				"down": {"uv": [14.5, 12.5, 13.5, 13], "texture": "#0"}
			}
		},
		{
			"from": [0, 13, 7],
			"to": [2, 14, 8],
			"faces": {
				"north": {"uv": [13.5, 13, 14.5, 13.5], "texture": "#0"},
				"east": {"uv": [14.5, 3, 15, 3.5], "texture": "#0"},
				"south": {"uv": [13.5, 13.5, 14.5, 14], "texture": "#0"},
				"west": {"uv": [14.5, 3.5, 15, 4], "texture": "#0"},
				"up": {"uv": [15, 0.5, 14, 0], "texture": "#0"},
				"down": {"uv": [15, 0.5, 14, 1], "texture": "#0"}
			}
		},
		{
			"from": [1, 14, 7],
			"to": [3, 15, 8],
			"faces": {
				"north": {"uv": [14, 1, 15, 1.5], "texture": "#0"},
				"east": {"uv": [14.5, 4, 15, 4.5], "texture": "#0"},
				"south": {"uv": [14, 1.5, 15, 2], "texture": "#0"},
				"west": {"uv": [14.5, 4.5, 15, 5], "texture": "#0"},
				"up": {"uv": [15, 2.5, 14, 2], "texture": "#0"},
				"down": {"uv": [15, 2.5, 14, 3], "texture": "#0"}
			}
		},
		{
			"from": [2, 15, 7],
			"to": [14, 16, 8],
			"rotation": {"angle": 0, "axis": "y", "origin": [2.5, 2, 7.5]},
			"faces": {
				"north": {"uv": [7, 3, 13, 3.5], "texture": "#0"},
				"east": {"uv": [5, 14.5, 5.5, 15], "texture": "#0"},
				"south": {"uv": [7, 3.5, 13, 4], "texture": "#0"},
				"west": {"uv": [5.5, 14.5, 6, 15], "texture": "#0"},
				"up": {"uv": [13, 4.5, 7, 4], "texture": "#0"},
				"down": {"uv": [13, 4.5, 7, 5], "texture": "#0"}
			}
		},
		{
			"from": [6, 6.2, 6.5],
			"to": [10, 9.4, 7.6],
			"faces": {
				"north": {"uv": [7, 5, 9, 6.5], "texture": "#0"},
				"east": {"uv": [8, 12, 8.5, 13.5], "texture": "#0"},
				"south": {"uv": [7, 6.5, 9, 8], "texture": "#0"},
				"west": {"uv": [8.5, 12, 9, 13.5], "texture": "#0"},
				"up": {"uv": [13, 10.5, 11, 10], "texture": "#0"},
				"down": {"uv": [9, 11.5, 7, 12], "texture": "#0"}
			}
		},
		{
			"from": [3, 14, 7],
			"to": [13, 15, 8],
			"faces": {
				"north": {"uv": [5, 10.5, 10, 11], "texture": "#0"},
				"east": {"uv": [14.5, 8, 15, 8.5], "texture": "#0"},
				"south": {"uv": [10, 10.5, 15, 11], "texture": "#0"},
				"west": {"uv": [8.5, 14.5, 9, 15], "texture": "#0"},
				"up": {"uv": [10, 11.5, 5, 11], "texture": "#0"},
				"down": {"uv": [15, 11, 10, 11.5], "texture": "#0"}
			}
		},
		{
			"from": [2, 1, 7],
			"to": [13, 2, 8],
			"faces": {
				"north": {"uv": [9, 7.5, 14.5, 8], "texture": "#0"},
				"east": {"uv": [6, 14.5, 6.5, 15], "texture": "#0"},
				"south": {"uv": [7, 9.5, 12.5, 10], "texture": "#0"},
				"west": {"uv": [6.5, 14.5, 7, 15], "texture": "#0"},
				"up": {"uv": [5.5, 10.5, 0, 10], "texture": "#0"},
				"down": {"uv": [11, 10, 5.5, 10.5], "texture": "#0"}
			}
		},
		{
			"from": [2, 2, 7],
			"to": [14, 3, 8],
			"faces": {
				"north": {"uv": [7, 8, 13, 8.5], "texture": "#0"},
				"east": {"uv": [7, 14.5, 7.5, 15], "texture": "#0"},
				"south": {"uv": [7, 8.5, 13, 9], "texture": "#0"},
				"west": {"uv": [7.5, 14.5, 8, 15], "texture": "#0"},
				"up": {"uv": [15, 5.5, 9, 5], "texture": "#0"},
				"down": {"uv": [15, 5.5, 9, 6], "texture": "#0"}
			}
		},
		{
			"from": [1, 3, 7],
			"to": [15, 13, 8],
			"faces": {
				"north": {"uv": [0, 0, 7, 5], "texture": "#0"},
				"east": {"uv": [4, 10.5, 4.5, 15.5], "texture": "#0"},
				"south": {"uv": [0, 5, 7, 10], "texture": "#0"},
				"west": {"uv": [4.5, 10.5, 5, 15.5], "texture": "#0"},
				"up": {"uv": [14, 0.5, 7, 0], "texture": "#0"},
				"down": {"uv": [14, 0.5, 7, 1], "texture": "#0"}
			}
		},
		{
			"from": [2, 13, 7],
			"to": [14, 14, 8],
			"faces": {
				"north": {"uv": [9, 6, 15, 6.5], "texture": "#0"},
				"east": {"uv": [14.5, 7.5, 15, 8], "texture": "#0"},
				"south": {"uv": [9, 6.5, 15, 7], "texture": "#0"},
				"west": {"uv": [8, 14.5, 8.5, 15], "texture": "#0"},
				"up": {"uv": [13, 9.5, 7, 9], "texture": "#0"},
				"down": {"uv": [15, 7, 9, 7.5], "texture": "#0"}
			}
		},
		{
			"from": [7, 9, 8],
			"to": [8, 10, 9],
			"faces": {
				"north": {"uv": [14.5, 8.5, 15, 9], "texture": "#0"},
				"east": {"uv": [9, 14.5, 9.5, 15], "texture": "#0"},
				"south": {"uv": [14.5, 9, 15, 9.5], "texture": "#0"},
				"west": {"uv": [9.5, 14.5, 10, 15], "texture": "#0"},
				"up": {"uv": [15, 10, 14.5, 9.5], "texture": "#0"},
				"down": {"uv": [10.5, 14.5, 10, 15], "texture": "#0"}
			}
		},
		{
			"from": [7, 10, 9],
			"to": [8, 11, 12],
			"faces": {
				"north": {"uv": [14.5, 10, 15, 10.5], "texture": "#0"},
				"east": {"uv": [9, 12, 10.5, 12.5], "texture": "#0"},
				"south": {"uv": [10.5, 14.5, 11, 15], "texture": "#0"},
				"west": {"uv": [10.5, 12, 12, 12.5], "texture": "#0"},
				"up": {"uv": [12.5, 13, 12, 11.5], "texture": "#0"},
				"down": {"uv": [9.5, 12.5, 9, 14], "texture": "#0"}
			}
		},
		{
			"from": [7, 4, 11],
			"to": [8, 10, 12],
			"faces": {
				"north": {"uv": [5, 11.5, 5.5, 14.5], "texture": "#0"},
				"east": {"uv": [5.5, 11.5, 6, 14.5], "texture": "#0"},
				"south": {"uv": [6, 11.5, 6.5, 14.5], "texture": "#0"},
				"west": {"uv": [6.5, 11.5, 7, 14.5], "texture": "#0"},
				"up": {"uv": [11.5, 15, 11, 14.5], "texture": "#0"},
				"down": {"uv": [12, 14.5, 11.5, 15], "texture": "#0"}
			}
		},
		{
			"from": [7, 4, 8],
			"to": [8, 5, 11],
			"faces": {
				"north": {"uv": [11.5, 12.5, 12, 13], "texture": "#0"},
				"east": {"uv": [9, 11.5, 10.5, 12], "texture": "#0"},
				"south": {"uv": [14, 3, 14.5, 3.5], "texture": "#0"},
				"west": {"uv": [10.5, 11.5, 12, 12], "texture": "#0"},
				"up": {"uv": [7.5, 13.5, 7, 12], "texture": "#0"},
				"down": {"uv": [8, 12, 7.5, 13.5], "texture": "#0"}
			}
		}
	],
	"display": {
		"thirdperson_righthand": {
			"rotation": [77.75, 0, 0],
			"translation": [0, 0, 2.25]
		},
		"ground": {
			"rotation": [90, 0, 0],
			"translation": [0, 0.25, 0]
		},
		"gui": {
			"rotation": [0, -180, 0]
		},
		"head": {
			"translation": [0, -0.5, -7.25],
			"scale": [1.41, 1.41, 1.41]
		}
	},
	"groups": [
		{
			"name": "Contorno",
			"origin": [2.5, 2, 7.5],
			"color": 0,
			"children": [0, 1, 2, 3, 4, 5, 6, 7, 8, 9, 10, 11]
		},
		{
			"name": "Centro",
			"origin": [0, 0, 0],
			"color": 0,
			"children": [12]
		},
		{
			"name": "Dentro",
			"origin": [0, 0, 0],
			"color": 0,
			"children": [13, 14, 15, 16, 17]
		},
		18,
		19,
		20,
		21
	]
}