{
	"credit": "Made with Blockbench",
	"parent": "piantadipomodoro",
	"texture_size": [64, 64],
	"textures": {
		"0": "./senzapomodori",
		"particle": "./senzapomodori"
	},
	"elements": [
		{
			"from": [10.3, 0, -3.9],
			"to": [11.3, 26, 12.1],
			"rotation": {"angle": -22.5, "axis": "y", "origin": [0, 0, 0]},
			"faces": {
				"east": {"uv": [4, 0, 8, 6.5], "texture": "#0"},
				"west": {"uv": [4, 0, 8, 6.5], "texture": "#0"},
				"down": {"uv": [4, 0, 8, 6.5], "rotation": 90, "texture": "#0"}
			}
		},
		{
			"from": [8, 0, 0.3],
			"to": [9, 26, 16.3],
			"rotation": {"angle": 45, "axis": "y", "origin": [8, 13, 7.5]},
			"faces": {
				"east": {"uv": [4, 0, 8, 6.5], "texture": "#0"},
				"west": {"uv": [4, 0, 8, 6.5], "texture": "#0"},
				"down": {"uv": [4, 0, 8, 6.5], "rotation": 90, "texture": "#0"}
			}
		}
	],
	"display": {
		"head": {
			"translation": [-2, -19.25, 0],
			"scale": [3.33, 3.33, 3.33]
		}
	}
}