{
	"credit": "Made with Blockbench",
	"texture_size": [32, 32],
	"textures": {
		"0": "vanillacustom:item/corona",
		"particle": "vanillacustom:item/corona"
	},
	"elements": [
		{
			"from": [12, 1, 12],
			"to": [13, 3, 13],
			"faces": {
				"north": {"uv": [4, 5, 4.5, 6], "texture": "#0"},
				"east": {"uv": [4.5, 5, 5, 6], "texture": "#0"},
				"south": {"uv": [5, 5, 5.5, 6], "texture": "#0"},
				"west": {"uv": [5.5, 5, 6, 6], "texture": "#0"},
				"up": {"uv": [8.5, 7.5, 8, 7], "texture": "#0"},
				"down": {"uv": [8, 8, 7.5, 8.5], "texture": "#0"}
			}
		},
		{
			"from": [12, 1, 10],
			"to": [13, 3, 11],
			"faces": {
				"north": {"uv": [0, 6, 0.5, 7], "texture": "#0"},
				"east": {"uv": [0.5, 6, 1, 7], "texture": "#0"},
				"south": {"uv": [6, 1, 6.5, 2], "texture": "#0"},
				"west": {"uv": [2, 6, 2.5, 7], "texture": "#0"},
				"up": {"uv": [8.5, 8, 8, 7.5], "texture": "#0"},
				"down": {"uv": [8.5, 8, 8, 8.5], "texture": "#0"}
			}
		},
		{
			"from": [12, 1, 8],
			"to": [13, 3, 9],
			"faces": {
				"north": {"uv": [2.5, 6, 3, 7], "texture": "#0"},
				"east": {"uv": [3, 6, 3.5, 7], "texture": "#0"},
				"south": {"uv": [3.5, 6, 4, 7], "texture": "#0"},
				"west": {"uv": [4, 6, 4.5, 7], "texture": "#0"},
				"up": {"uv": [9, 1.5, 8.5, 1], "texture": "#0"},
				"down": {"uv": [9, 1.5, 8.5, 2], "texture": "#0"}
			}
		},
		{
			"from": [12, 1, 6],
			"to": [13, 3, 7],
			"faces": {
				"north": {"uv": [4.5, 6, 5, 7], "texture": "#0"},
				"east": {"uv": [5, 6, 5.5, 7], "texture": "#0"},
				"south": {"uv": [6, 5, 6.5, 6], "texture": "#0"},
				"west": {"uv": [5.5, 6, 6, 7], "texture": "#0"},
				"up": {"uv": [9, 2.5, 8.5, 2], "texture": "#0"},
				"down": {"uv": [9, 2.5, 8.5, 3], "texture": "#0"}
			}
		},
		{
			"from": [8, 1, 3],
			"to": [9, 3, 4],
			"faces": {
				"north": {"uv": [6.5, 4, 7, 5], "texture": "#0"},
				"east": {"uv": [6.5, 5, 7, 6], "texture": "#0"},
				"south": {"uv": [6.5, 6, 7, 7], "texture": "#0"},
				"west": {"uv": [0, 7, 0.5, 8], "texture": "#0"},
				"up": {"uv": [9, 4.5, 8.5, 4], "texture": "#0"},
				"down": {"uv": [5, 8.5, 4.5, 9], "texture": "#0"}
			}
		},
		{
			"from": [6, 1, 3],
			"to": [7, 3, 4],
			"faces": {
				"north": {"uv": [0.5, 7, 1, 8], "texture": "#0"},
				"east": {"uv": [1, 7, 1.5, 8], "texture": "#0"},
				"south": {"uv": [7, 1, 7.5, 2], "texture": "#0"},
				"west": {"uv": [1.5, 7, 2, 8], "texture": "#0"},
				"up": {"uv": [9, 5, 8.5, 4.5], "texture": "#0"},
				"down": {"uv": [5.5, 8.5, 5, 9], "texture": "#0"}
			}
		},
		{
			"from": [4, 1, 3],
			"to": [5, 3, 4],
			"faces": {
				"north": {"uv": [2, 7, 2.5, 8], "texture": "#0"},
				"east": {"uv": [7, 2, 7.5, 3], "texture": "#0"},
				"south": {"uv": [2.5, 7, 3, 8], "texture": "#0"},
				"west": {"uv": [3, 7, 3.5, 8], "texture": "#0"},
				"up": {"uv": [9, 5.5, 8.5, 5], "texture": "#0"},
				"down": {"uv": [6, 8.5, 5.5, 9], "texture": "#0"}
			}
		},
		{
			"from": [10, 1, 3],
			"to": [11, 3, 4],
			"faces": {
				"north": {"uv": [2, 5, 2.5, 6], "texture": "#0"},
				"east": {"uv": [2.5, 5, 3, 6], "texture": "#0"},
				"south": {"uv": [3, 5, 3.5, 6], "texture": "#0"},
				"west": {"uv": [3.5, 5, 4, 6], "texture": "#0"},
				"up": {"uv": [5, 8.5, 4.5, 8], "texture": "#0"},
				"down": {"uv": [5.5, 8, 5, 8.5], "texture": "#0"}
			}
		},
		{
			"from": [12, 1, 4],
			"to": [13, 3, 5],
			"faces": {
				"north": {"uv": [6, 6, 6.5, 7], "texture": "#0"},
				"east": {"uv": [6.5, 1, 7, 2], "texture": "#0"},
				"south": {"uv": [6.5, 2, 7, 3], "texture": "#0"},
				"west": {"uv": [6.5, 3, 7, 4], "texture": "#0"},
				"up": {"uv": [9, 3.5, 8.5, 3], "texture": "#0"},
				"down": {"uv": [9, 3.5, 8.5, 4], "texture": "#0"}
			}
		},
		{
			"from": [3, 1, 4],
			"to": [4, 3, 5],
			"faces": {
				"north": {"uv": [7.5, 1, 8, 2], "texture": "#0"},
				"east": {"uv": [7.5, 2, 8, 3], "texture": "#0"},
				"south": {"uv": [7.5, 3, 8, 4], "texture": "#0"},
				"west": {"uv": [7.5, 4, 8, 5], "texture": "#0"},
				"up": {"uv": [9, 7.5, 8.5, 7], "texture": "#0"},
				"down": {"uv": [8, 8.5, 7.5, 9], "texture": "#0"}
			}
		},
		{
			"from": [3, 1, 6],
			"to": [4, 3, 7],
			"faces": {
				"north": {"uv": [6, 7, 6.5, 8], "texture": "#0"},
				"east": {"uv": [7, 6, 7.5, 7], "texture": "#0"},
				"south": {"uv": [6.5, 7, 7, 8], "texture": "#0"},
				"west": {"uv": [7, 7, 7.5, 8], "texture": "#0"},
				"up": {"uv": [9, 7, 8.5, 6.5], "texture": "#0"},
				"down": {"uv": [7.5, 8.5, 7, 9], "texture": "#0"}
			}
		},
		{
			"from": [3, 1, 8],
			"to": [4, 3, 9],
			"faces": {
				"north": {"uv": [4.5, 7, 5, 8], "texture": "#0"},
				"east": {"uv": [5, 7, 5.5, 8], "texture": "#0"},
				"south": {"uv": [7, 5, 7.5, 6], "texture": "#0"},
				"west": {"uv": [5.5, 7, 6, 8], "texture": "#0"},
				"up": {"uv": [9, 6.5, 8.5, 6], "texture": "#0"},
				"down": {"uv": [7, 8.5, 6.5, 9], "texture": "#0"}
			}
		},
		{
			"from": [3, 1, 10],
			"to": [4, 3, 11],
			"faces": {
				"north": {"uv": [7, 3, 7.5, 4], "texture": "#0"},
				"east": {"uv": [3.5, 7, 4, 8], "texture": "#0"},
				"south": {"uv": [4, 7, 4.5, 8], "texture": "#0"},
				"west": {"uv": [7, 4, 7.5, 5], "texture": "#0"},
				"up": {"uv": [9, 6, 8.5, 5.5], "texture": "#0"},
				"down": {"uv": [6.5, 8.5, 6, 9], "texture": "#0"}
			}
		},
		{
			"from": [5, 1, 12],
			"to": [6, 3, 13],
			"faces": {
				"north": {"uv": [8, 3, 8.5, 4], "texture": "#0"},
				"east": {"uv": [3.5, 8, 4, 9], "texture": "#0"},
				"south": {"uv": [4, 8, 4.5, 9], "texture": "#0"},
				"west": {"uv": [8, 4, 8.5, 5], "texture": "#0"},
				"up": {"uv": [1.5, 9.5, 1, 9], "texture": "#0"},
				"down": {"uv": [9.5, 1, 9, 1.5], "texture": "#0"}
			}
		},
		{
			"from": [7, 1, 12],
			"to": [8, 3, 13],
			"faces": {
				"north": {"uv": [2, 8, 2.5, 9], "texture": "#0"},
				"east": {"uv": [8, 2, 8.5, 3], "texture": "#0"},
				"south": {"uv": [2.5, 8, 3, 9], "texture": "#0"},
				"west": {"uv": [3, 8, 3.5, 9], "texture": "#0"},
				"up": {"uv": [0.5, 9.5, 0, 9], "texture": "#0"},
				"down": {"uv": [1, 9, 0.5, 9.5], "texture": "#0"}
			}
		},
		{
			"from": [9, 1, 12],
			"to": [10, 3, 13],
			"faces": {
				"north": {"uv": [0.5, 8, 1, 9], "texture": "#0"},
				"east": {"uv": [1, 8, 1.5, 9], "texture": "#0"},
				"south": {"uv": [8, 1, 8.5, 2], "texture": "#0"},
				"west": {"uv": [1.5, 8, 2, 9], "texture": "#0"},
				"up": {"uv": [9, 8.5, 8.5, 8], "texture": "#0"},
				"down": {"uv": [9, 8.5, 8.5, 9], "texture": "#0"}
			}
		},
		{
			"from": [3, 1, 12],
			"to": [4, 3, 13],
			"faces": {
				"north": {"uv": [7.5, 5, 8, 6], "texture": "#0"},
				"east": {"uv": [7.5, 6, 8, 7], "texture": "#0"},
				"south": {"uv": [7.5, 7, 8, 8], "texture": "#0"},
				"west": {"uv": [0, 8, 0.5, 9], "texture": "#0"},
				"up": {"uv": [9, 8, 8.5, 7.5], "texture": "#0"},
				"down": {"uv": [8.5, 8.5, 8, 9], "texture": "#0"}
			}
		},
		{
			"from": [3, 0, 3],
			"to": [4, 1, 13],
			"faces": {
				"north": {"uv": [8, 5, 8.5, 5.5], "texture": "#0"},
				"east": {"uv": [0, 0, 5, 0.5], "texture": "#0"},
				"south": {"uv": [5.5, 8, 6, 8.5], "texture": "#0"},
				"west": {"uv": [0, 0.5, 5, 1], "texture": "#0"},
				"up": {"uv": [0.5, 6, 0, 1], "texture": "#0"},
				"down": {"uv": [1, 1, 0.5, 6], "texture": "#0"}
			}
		},
		{
			"from": [4, 0, 12],
			"to": [13, 1, 13],
			"faces": {
				"north": {"uv": [2, 4, 6.5, 4.5], "texture": "#0"},
				"east": {"uv": [8, 6.5, 8.5, 7], "texture": "#0"},
				"south": {"uv": [2, 4.5, 6.5, 5], "texture": "#0"},
				"west": {"uv": [7, 8, 7.5, 8.5], "texture": "#0"},
				"up": {"uv": [9.5, 0.5, 5, 0], "texture": "#0"},
				"down": {"uv": [9.5, 0.5, 5, 1], "texture": "#0"}
			}
		},
		{
			"from": [12, 0, 3],
			"to": [13, 1, 13],
			"faces": {
				"north": {"uv": [8, 6, 8.5, 6.5], "texture": "#0"},
				"east": {"uv": [1, 1, 6, 1.5], "texture": "#0"},
				"south": {"uv": [6.5, 8, 7, 8.5], "texture": "#0"},
				"west": {"uv": [1, 1.5, 6, 2], "texture": "#0"},
				"up": {"uv": [1.5, 7, 1, 2], "texture": "#0"},
				"down": {"uv": [2, 2, 1.5, 7], "texture": "#0"}
			}
		},
		{
			"from": [4, 0, 3],
			"to": [13, 1, 4],
			"faces": {
				"north": {"uv": [2, 2, 6.5, 2.5], "texture": "#0"},
				"east": {"uv": [8, 5.5, 8.5, 6], "texture": "#0"},
				"south": {"uv": [2, 2.5, 6.5, 3], "texture": "#0"},
				"west": {"uv": [6, 8, 6.5, 8.5], "texture": "#0"},
				"up": {"uv": [6.5, 3.5, 2, 3], "texture": "#0"},
				"down": {"uv": [6.5, 3.5, 2, 4], "texture": "#0"}
			}
		}
	],
	"display": {
		"thirdperson_righthand": {
			"translation": [0, 4, 0]
		},
		"thirdperson_lefthand": {
			"translation": [0, 4.5, 0]
		},
		"firstperson_righthand": {
			"translation": [0, 7.25, 0]
		},
		"firstperson_lefthand": {
			"translation": [0, 7.5, 0]
		},
		"ground": {
			"translation": [0, 6.5, 0]
		},
		"head": {
			"translation": [0, 17.75, 0],
			"scale": [1.43, 1.43, 1.43]
		},
		"fixed": {
			"rotation": [-90, 0, 0],
			"translation": [0, 0, -24.5],
			"scale": [3.11, 3.11, 3.11]
		}
	},
	"groups": [
		0,
		1,
		2,
		3,
		4,
		5,
		6,
		7,
		8,
		9,
		10,
		11,
		12,
		13,
		14,
		15,
		16,
		{
			"name": "Base",
			"origin": [0, 0, 0],
			"color": 0,
			"children": [17, 18, 19, 20]
		}
	]
}