{
	"credit": "Made with Blockbench",
	"texture_size": [64, 64],
	"textures": {
		"0": "vanillacustom:item/gentleman",
		"particle": "vanillacustom:item/gentleman"
	},
	"elements": [
		{
			"from": [1, 0, 0],
			"to": [15, 1, 1],
			"faces": {
				"north": {"uv": [9.75, 4.5, 13.25, 4.75], "texture": "#0"},
				"east": {"uv": [9.25, 5, 9.5, 5.25], "texture": "#0"},
				"south": {"uv": [9.75, 4.75, 13.25, 5], "texture": "#0"},
				"west": {"uv": [9.25, 5.25, 9.5, 5.5], "texture": "#0"},
				"up": {"uv": [14.25, 0.25, 10.75, 0], "texture": "#0"},
				"down": {"uv": [14.25, 0.25, 10.75, 0.5], "texture": "#0"}
			}
		},
		{
			"from": [1, 0, 15],
			"to": [15, 1, 16],
			"faces": {
				"north": {"uv": [10.75, 1.5, 14.25, 1.75], "texture": "#0"},
				"east": {"uv": [9.25, 6, 9.5, 6.25], "texture": "#0"},
				"south": {"uv": [10.75, 1.75, 14.25, 2], "texture": "#0"},
				"west": {"uv": [9.25, 6.25, 9.5, 6.5], "texture": "#0"},
				"up": {"uv": [14.25, 2.25, 10.75, 2], "texture": "#0"},
				"down": {"uv": [14.25, 2.25, 10.75, 2.5], "texture": "#0"}
			}
		},
		{
			"from": [1, 0, 1],
			"to": [15, 1, 15],
			"faces": {
				"north": {"uv": [9.75, 3.5, 13.25, 3.75], "texture": "#0"},
				"east": {"uv": [9.75, 3.75, 13.25, 4], "texture": "#0"},
				"south": {"uv": [9.75, 4, 13.25, 4.25], "texture": "#0"},
				"west": {"uv": [9.75, 4.25, 13.25, 4.5], "texture": "#0"},
				"up": {"uv": [3.5, 3.5, 0, 0], "texture": "#0"},
				"down": {"uv": [3.5, 3.5, 0, 7], "texture": "#0"}
			}
		},
		{
			"from": [14, 0, 1],
			"to": [16, 1, 15],
			"faces": {
				"north": {"uv": [4.5, 12, 5, 12.25], "texture": "#0"},
				"east": {"uv": [10.75, 0.5, 14.25, 0.75], "texture": "#0"},
				"south": {"uv": [5, 12, 5.5, 12.25], "texture": "#0"},
				"west": {"uv": [10.75, 0.75, 14.25, 1], "texture": "#0"},
				"up": {"uv": [10.25, 3.5, 9.75, 0], "texture": "#0"},
				"down": {"uv": [10.75, 0, 10.25, 3.5], "texture": "#0"}
			}
		},
		{
			"from": [0, 0, 1],
			"to": [1, 1, 15],
			"faces": {
				"north": {"uv": [9.25, 5.5, 9.5, 5.75], "texture": "#0"},
				"east": {"uv": [10.75, 1, 14.25, 1.25], "texture": "#0"},
				"south": {"uv": [9.25, 5.75, 9.5, 6], "texture": "#0"},
				"west": {"uv": [10.75, 1.25, 14.25, 1.5], "texture": "#0"},
				"up": {"uv": [5.75, 15, 5.5, 11.5], "texture": "#0"},
				"down": {"uv": [6, 11.5, 5.75, 15], "texture": "#0"}
			}
		},
		{
			"name": "ParteRossa",
			"from": [1.75, 1, 1.5],
			"to": [14.5, 2, 14.25],
			"faces": {
				"north": {"uv": [10.75, 2.5, 14, 2.75], "texture": "#0"},
				"east": {"uv": [10.75, 2.75, 14, 3], "texture": "#0"},
				"south": {"uv": [10.75, 3, 14, 3.25], "texture": "#0"},
				"west": {"uv": [10.75, 3.25, 14, 3.5], "texture": "#0"},
				"up": {"uv": [6.75, 3.25, 3.5, 0], "texture": "#0"},
				"down": {"uv": [6.75, 3.25, 3.5, 6.5], "texture": "#0"}
			}
		},
		{
			"from": [2, 2, 2],
			"to": [14, 12, 14],
			"faces": {
				"north": {"uv": [6.75, 0, 9.75, 2.5], "texture": "#0"},
				"east": {"uv": [6.75, 2.5, 9.75, 5], "texture": "#0"},
				"south": {"uv": [0, 7, 3, 9.5], "texture": "#0"},
				"west": {"uv": [0, 9.5, 3, 12], "texture": "#0"},
				"up": {"uv": [6.5, 9.5, 3.5, 6.5], "texture": "#0"},
				"down": {"uv": [9.5, 6.5, 6.5, 9.5], "texture": "#0"}
			}
		},
		{
			"from": [3, 12, 3],
			"to": [13, 13, 13],
			"faces": {
				"north": {"uv": [6.75, 5, 9.25, 5.25], "texture": "#0"},
				"east": {"uv": [6.75, 5.25, 9.25, 5.5], "texture": "#0"},
				"south": {"uv": [6.75, 5.5, 9.25, 5.75], "texture": "#0"},
				"west": {"uv": [6.75, 5.75, 9.25, 6], "texture": "#0"},
				"up": {"uv": [5.5, 12, 3, 9.5], "texture": "#0"},
				"down": {"uv": [12, 5, 9.5, 7.5], "texture": "#0"}
			}
		},
		{
			"from": [4, 13, 4],
			"to": [12, 14, 12],
			"faces": {
				"north": {"uv": [11.75, 7.75, 13.75, 8], "texture": "#0"},
				"east": {"uv": [11.75, 8, 13.75, 8.25], "texture": "#0"},
				"south": {"uv": [11.75, 8.25, 13.75, 8.5], "texture": "#0"},
				"west": {"uv": [11.75, 8.5, 13.75, 8.75], "texture": "#0"},
				"up": {"uv": [7.5, 11.5, 5.5, 9.5], "texture": "#0"},
				"down": {"uv": [9.5, 9.5, 7.5, 11.5], "texture": "#0"}
			}
		},
		{
			"from": [4, 14, 4],
			"to": [12, 15, 12],
			"faces": {
				"north": {"uv": [12, 5.5, 14, 5.75], "texture": "#0"},
				"east": {"uv": [12, 5.75, 14, 6], "texture": "#0"},
				"south": {"uv": [6, 12, 8, 12.25], "texture": "#0"},
				"west": {"uv": [12, 6, 14, 6.25], "texture": "#0"},
				"up": {"uv": [11.5, 9.5, 9.5, 7.5], "texture": "#0"},
				"down": {"uv": [11.5, 9.5, 9.5, 11.5], "texture": "#0"}
			}
		},
		{
			"from": [4, 13, 12],
			"to": [12, 14, 13],
			"faces": {
				"north": {"uv": [11.75, 9, 13.75, 9.25], "texture": "#0"},
				"east": {"uv": [9.5, 12, 9.75, 12.25], "texture": "#0"},
				"south": {"uv": [11.75, 9.25, 13.75, 9.5], "texture": "#0"},
				"west": {"uv": [9.75, 12, 10, 12.25], "texture": "#0"},
				"up": {"uv": [13.75, 9.75, 11.75, 9.5], "texture": "#0"},
				"down": {"uv": [13.75, 9.75, 11.75, 10], "texture": "#0"}
			}
		},
		{
			"from": [4, 13, 3],
			"to": [12, 14, 4],
			"faces": {
				"north": {"uv": [11.75, 10, 13.75, 10.25], "texture": "#0"},
				"east": {"uv": [10, 12, 10.25, 12.25], "texture": "#0"},
				"south": {"uv": [11.25, 11.75, 13.25, 12], "texture": "#0"},
				"west": {"uv": [10.25, 12, 10.5, 12.25], "texture": "#0"},
				"up": {"uv": [2, 12.25, 0, 12], "texture": "#0"},
				"down": {"uv": [4, 12, 2, 12.25], "texture": "#0"}
			}
		},
		{
			"from": [12, 13, 4],
			"to": [13, 14, 12],
			"faces": {
				"north": {"uv": [9, 12, 9.25, 12.25], "texture": "#0"},
				"east": {"uv": [8.75, 11.75, 10.75, 12], "texture": "#0"},
				"south": {"uv": [9.25, 12, 9.5, 12.25], "texture": "#0"},
				"west": {"uv": [11.75, 8.75, 13.75, 9], "texture": "#0"},
				"up": {"uv": [11, 13.75, 10.75, 11.75], "texture": "#0"},
				"down": {"uv": [11.25, 11.75, 11, 13.75], "texture": "#0"}
			}
		},
		{
			"from": [3, 13, 4],
			"to": [4, 14, 12],
			"faces": {
				"north": {"uv": [10.5, 12, 10.75, 12.25], "texture": "#0"},
				"east": {"uv": [12, 5, 14, 5.25], "texture": "#0"},
				"south": {"uv": [11.25, 12, 11.5, 12.25], "texture": "#0"},
				"west": {"uv": [12, 5.25, 14, 5.5], "texture": "#0"},
				"up": {"uv": [4.25, 14, 4, 12], "texture": "#0"},
				"down": {"uv": [4.5, 12, 4.25, 14], "texture": "#0"}
			}
		},
		{
			"from": [3, 12, 13],
			"to": [13, 13, 14],
			"faces": {
				"north": {"uv": [11.5, 11, 14, 11.25], "texture": "#0"},
				"east": {"uv": [8.25, 12, 8.5, 12.25], "texture": "#0"},
				"south": {"uv": [11.25, 11.5, 13.75, 11.75], "texture": "#0"},
				"west": {"uv": [8.75, 12, 9, 12.25], "texture": "#0"},
				"up": {"uv": [14, 11.5, 11.5, 11.25], "texture": "#0"},
				"down": {"uv": [8.5, 11.75, 6, 12], "texture": "#0"}
			}
		},
		{
			"from": [3, 12, 2],
			"to": [13, 13, 3],
			"faces": {
				"north": {"uv": [8.75, 11.5, 11.25, 11.75], "texture": "#0"},
				"east": {"uv": [12, 7.25, 12.25, 7.5], "texture": "#0"},
				"south": {"uv": [11.5, 10.25, 14, 10.5], "texture": "#0"},
				"west": {"uv": [8, 12, 8.25, 12.25], "texture": "#0"},
				"up": {"uv": [14, 10.75, 11.5, 10.5], "texture": "#0"},
				"down": {"uv": [14, 10.75, 11.5, 11], "texture": "#0"}
			}
		},
		{
			"from": [2, 12, 3],
			"to": [3, 13, 13],
			"faces": {
				"north": {"uv": [12, 6.25, 12.25, 6.5], "texture": "#0"},
				"east": {"uv": [6.75, 6, 9.25, 6.25], "texture": "#0"},
				"south": {"uv": [12, 6.5, 12.25, 6.75], "texture": "#0"},
				"west": {"uv": [6.75, 6.25, 9.25, 6.5], "texture": "#0"},
				"up": {"uv": [3.25, 9.5, 3, 7], "texture": "#0"},
				"down": {"uv": [3.5, 7, 3.25, 9.5], "texture": "#0"}
			}
		},
		{
			"from": [13, 12, 3],
			"to": [14, 13, 13],
			"faces": {
				"north": {"uv": [12, 6.75, 12.25, 7], "texture": "#0"},
				"east": {"uv": [6, 11.5, 8.5, 11.75], "texture": "#0"},
				"south": {"uv": [12, 7, 12.25, 7.25], "texture": "#0"},
				"west": {"uv": [11.5, 7.5, 14, 7.75], "texture": "#0"},
				"up": {"uv": [11.75, 10.25, 11.5, 7.75], "texture": "#0"},
				"down": {"uv": [8.75, 11.5, 8.5, 14], "texture": "#0"}
			}
		}
	],
	"display": {
		"thirdperson_righthand": {
			"translation": [0, 4.5, 0],
			"scale": [0.48, 0.48, 0.48]
		},
		"thirdperson_lefthand": {
			"translation": [0, 3.75, 0],
			"scale": [0.48, 0.48, 0.48]
		},
		"firstperson_righthand": {
			"translation": [0, 4.75, 0],
			"scale": [0.5, 0.5, 0.5]
		},
		"firstperson_lefthand": {
			"translation": [0, 3.25, 0],
			"scale": [0.5, 0.5, 0.5]
		},
		"ground": {
			"translation": [0, 5.5, 0]
		},
		"gui": {
			"rotation": [2, 19, 0]
		},
		"head": {
			"translation": [0, 10.75, 0],
			"scale": [1.1, 1.1, 1.1]
		},
		"fixed": {
			"rotation": [-90, 6, 0],
			"translation": [0, 0, -15],
			"scale": [1.98, 1.98, 1.98]
		}
	},
	"groups": [
		{
			"name": "Base",
			"origin": [8, 8, 8],
			"color": 0,
			"children": [0, 1, 2, 3, 4]
		},
		5,
		{
			"name": "ParteSopra",
			"origin": [0, 0, 0],
			"color": 0,
			"children": [6, 7, 8, 9, 10, 11, 12, 13, 14, 15, 16, 17]
		}
	]
}