{
	"credit": "Made with Blockbench",
	"texture_size": [32, 32],
	"textures": {
		"0": "vanillacustom:item/hat",
		"particle": "vanillacustom:item/hat"
	},
	"elements": [
		{
			"from": [5, 0, 1],
			"to": [13, 0, 7],
			"faces": {
				"north": {"uv": [0, 0, 4, 0], "texture": "#0"},
				"east": {"uv": [0, 0, 3, 0], "texture": "#0"},
				"south": {"uv": [0, 0, 4, 0], "texture": "#0"},
				"west": {"uv": [0, 0, 3, 0], "texture": "#0"},
				"up": {"uv": [4, 7.5, 0, 4.5], "texture": "#0"},
				"down": {"uv": [8, 4.5, 4, 7.5], "texture": "#0"}
			}
		},
		{
			"from": [6, 0, 0],
			"to": [12, 0, 1],
			"faces": {
				"north": {"uv": [0, 0, 3, 0], "texture": "#0"},
				"east": {"uv": [0, 0, 0.5, 0], "texture": "#0"},
				"south": {"uv": [0, 0, 3, 0], "texture": "#0"},
				"west": {"uv": [0, 0, 0.5, 0], "texture": "#0"},
				"up": {"uv": [14, 7, 11, 6.5], "texture": "#0"},
				"down": {"uv": [14, 7, 11, 7.5], "texture": "#0"}
			}
		},
		{
			"from": [5, 0, 7],
			"to": [13, 2, 16],
			"faces": {
				"north": {"uv": [10, 0, 14, 1], "texture": "#0"},
				"east": {"uv": [8, 8.5, 12.5, 9.5], "texture": "#0"},
				"south": {"uv": [10, 1, 14, 2], "texture": "#0"},
				"west": {"uv": [8, 9.5, 12.5, 10.5], "texture": "#0"},
				"up": {"uv": [4, 4.5, 0, 0], "texture": "#0"},
				"down": {"uv": [8, 0, 4, 4.5], "texture": "#0"}
			}
		},
		{
			"from": [6, 2, 8],
			"to": [12, 3, 15],
			"faces": {
				"north": {"uv": [9, 11, 12, 11.5], "texture": "#0"},
				"east": {"uv": [10, 2, 13.5, 2.5], "texture": "#0"},
				"south": {"uv": [0, 11.5, 3, 12], "texture": "#0"},
				"west": {"uv": [10, 2.5, 13.5, 3], "texture": "#0"},
				"up": {"uv": [3, 11, 0, 7.5], "texture": "#0"},
				"down": {"uv": [6, 7.5, 3, 11], "texture": "#0"}
			}
		},
		{
			"from": [7, 3, 8],
			"to": [11, 4, 15],
			"faces": {
				"north": {"uv": [1, 12.5, 3, 13], "texture": "#0"},
				"east": {"uv": [11, 4, 14.5, 4.5], "texture": "#0"},
				"south": {"uv": [9, 12.5, 11, 13], "texture": "#0"},
				"west": {"uv": [4.5, 11, 8, 11.5], "texture": "#0"},
				"up": {"uv": [8, 11, 6, 7.5], "texture": "#0"},
				"down": {"uv": [10, 0, 8, 3.5], "texture": "#0"}
			}
		},
		{
			"from": [7, 4, 9],
			"to": [11, 5, 14],
			"faces": {
				"north": {"uv": [12.5, 9, 14.5, 9.5], "texture": "#0"},
				"east": {"uv": [4.5, 12.5, 7, 13], "texture": "#0"},
				"south": {"uv": [12.5, 9.5, 14.5, 10], "texture": "#0"},
				"west": {"uv": [12.5, 8.5, 15, 9], "texture": "#0"},
				"up": {"uv": [10, 6, 8, 3.5], "texture": "#0"},
				"down": {"uv": [10, 6, 8, 8.5], "texture": "#0"}
			}
		},
		{
			"from": [11, 3, 9],
			"to": [12, 4, 14],
			"faces": {
				"north": {"uv": [2.5, 13, 3, 13.5], "texture": "#0"},
				"east": {"uv": [9, 12, 11.5, 12.5], "texture": "#0"},
				"south": {"uv": [4.5, 13, 5, 13.5], "texture": "#0"},
				"west": {"uv": [12, 11, 14.5, 11.5], "texture": "#0"},
				"up": {"uv": [3.5, 14, 3, 11.5], "texture": "#0"},
				"down": {"uv": [8, 11.5, 7.5, 14], "texture": "#0"}
			}
		},
		{
			"from": [6, 3, 9],
			"to": [7, 4, 14],
			"faces": {
				"north": {"uv": [5, 13, 5.5, 13.5], "texture": "#0"},
				"east": {"uv": [11.5, 12, 14, 12.5], "texture": "#0"},
				"south": {"uv": [5.5, 13, 6, 13.5], "texture": "#0"},
				"west": {"uv": [12, 11.5, 14.5, 12], "texture": "#0"},
				"up": {"uv": [0.5, 15, 0, 12.5], "texture": "#0"},
				"down": {"uv": [1, 12.5, 0.5, 15], "texture": "#0"}
			}
		},
		{
			"from": [6, 2, 15],
			"to": [12, 3, 16],
			"faces": {
				"north": {"uv": [4.5, 11.5, 7.5, 12], "texture": "#0"},
				"east": {"uv": [1.5, 13, 2, 13.5], "texture": "#0"},
				"south": {"uv": [9, 11.5, 12, 12], "texture": "#0"},
				"west": {"uv": [2, 13, 2.5, 13.5], "texture": "#0"},
				"up": {"uv": [3, 12.5, 0, 12], "texture": "#0"},
				"down": {"uv": [7.5, 12, 4.5, 12.5], "texture": "#0"}
			}
		},
		{
			"from": [5, 2, 8],
			"to": [6, 3, 15],
			"faces": {
				"north": {"uv": [12.5, 12.5, 13, 13], "texture": "#0"},
				"east": {"uv": [9, 10.5, 12.5, 11], "texture": "#0"},
				"south": {"uv": [1, 13, 1.5, 13.5], "texture": "#0"},
				"west": {"uv": [0, 11, 3.5, 11.5], "texture": "#0"},
				"up": {"uv": [4, 14.5, 3.5, 11], "texture": "#0"},
				"down": {"uv": [4.5, 11, 4, 14.5], "texture": "#0"}
			}
		},
		{
			"from": [6, 2, 7],
			"to": [12, 3, 8],
			"faces": {
				"north": {"uv": [11, 4.5, 14, 5], "texture": "#0"},
				"east": {"uv": [7, 12.5, 7.5, 13], "texture": "#0"},
				"south": {"uv": [11, 5, 14, 5.5], "texture": "#0"},
				"west": {"uv": [12.5, 10, 13, 10.5], "texture": "#0"},
				"up": {"uv": [14, 6, 11, 5.5], "texture": "#0"},
				"down": {"uv": [14, 6, 11, 6.5], "texture": "#0"}
			}
		},
		{
			"from": [12, 2, 8],
			"to": [13, 3, 15],
			"faces": {
				"north": {"uv": [12.5, 10.5, 13, 11], "texture": "#0"},
				"east": {"uv": [10, 3, 13.5, 3.5], "texture": "#0"},
				"south": {"uv": [11, 12.5, 11.5, 13], "texture": "#0"},
				"west": {"uv": [10, 3.5, 13.5, 4], "texture": "#0"},
				"up": {"uv": [10.5, 7.5, 10, 4], "texture": "#0"},
				"down": {"uv": [11, 4, 10.5, 7.5], "texture": "#0"}
			}
		},
		{
			"from": [12, 2, 8],
			"to": [13, 3, 15],
			"faces": {
				"north": {"uv": [11.5, 12.5, 12, 13], "texture": "#0"},
				"east": {"uv": [10, 7.5, 13.5, 8], "texture": "#0"},
				"south": {"uv": [12, 12.5, 12.5, 13], "texture": "#0"},
				"west": {"uv": [10, 8, 13.5, 8.5], "texture": "#0"},
				"up": {"uv": [8.5, 14, 8, 10.5], "texture": "#0"},
				"down": {"uv": [9, 10.5, 8.5, 14], "texture": "#0"}
			}
		}
	],
	"display": {
		"thirdperson_righthand": {
			"translation": [0, 5.5, 0]
		},
		"thirdperson_lefthand": {
			"translation": [0, 6, 0]
		},
		"firstperson_righthand": {
			"translation": [0, 8.5, -0.75]
		},
		"firstperson_lefthand": {
			"translation": [-1, 9, 0]
		},
		"ground": {
			"translation": [0, 6, 0]
		},
		"head": {
			"translation": [-2, 19.25, -5.25],
			"scale": [2.2, 1.91, 1.7]
		},
		"fixed": {
			"rotation": [-90, -17, 0],
			"translation": [-3, -1.75, -26],
			"scale": [2.99, 2.99, 2.99]
		}
	},
	"groups": [
		{
			"name": "ParteAvanti",
			"origin": [0, 0, 0],
			"color": 0,
			"children": [0, 1]
		},
		{
			"name": "Berretto",
			"origin": [8, 8, 8],
			"color": 0,
			"children": [2, 3, 4, 5, 6, 7, 8, 9, 10, 11, 12]
		}
	]
}