{
	"credit": "Made with Blockbench",
	"texture_size": [64, 64],
	"textures": {
		"0": "vanillacustom:item/natale",
		"particle": "vanillacustom:item/natale"
	},
	"elements": [
		{
			"name": "Base",
			"from": [0, -5, 0],
			"to": [16, -1, 16],
			"rotation": {"angle": 22.5, "axis": "z", "origin": [0, 0, 0]},
			"faces": {
				"north": {"uv": [0, 0, 4, 1], "texture": "#0"},
				"east": {"uv": [4.25, 0.5, 8.25, 1.5], "texture": "#0"},
				"south": {"uv": [0, 0, 4, 1], "texture": "#0"},
				"west": {"uv": [0, 0, 4, 1], "texture": "#0"},
				"up": {"uv": [0, 0, 4, 4], "texture": "#0"},
				"down": {"uv": [0, 0, 4, 4], "texture": "#0"}
			}
		},
		{
			"name": "Parte 1",
			"from": [1, -1, 1],
			"to": [15, 2, 15],
			"rotation": {"angle": 22.5, "axis": "z", "origin": [0, 0, 0]},
			"faces": {
				"north": {"uv": [10, 2, 13.5, 2.75], "texture": "#0"},
				"east": {"uv": [10, 2, 13.5, 2.75], "texture": "#0"},
				"south": {"uv": [10, 2, 13.5, 2.75], "texture": "#0"},
				"west": {"uv": [10, 2, 13.5, 2.75], "texture": "#0"},
				"up": {"uv": [10, 2, 13.5, 2.75], "texture": "#0"},
				"down": {"uv": [10, 2, 13.5, 2.75], "texture": "#0"}
			}
		},
		{
			"name": "Parte 2",
			"from": [3.75, -5.5, 3],
			"to": [13.75, 6.5, 13],
			"rotation": {"angle": 45, "axis": "z", "origin": [0, 0, 0]},
			"faces": {
				"north": {"uv": [10, 2, 13.5, 2.75], "texture": "#0"},
				"east": {"uv": [10, 2, 13.5, 2.75], "texture": "#0"},
				"south": {"uv": [10, 2, 13.5, 2.75], "texture": "#0"},
				"west": {"uv": [10, 2, 13.5, 2.75], "texture": "#0"},
				"up": {"uv": [10, 2, 13.5, 2.75], "texture": "#0"},
				"down": {"uv": [10, 2, 13.5, 2.75], "texture": "#0"}
			}
		},
		{
			"name": "Parte 3",
			"from": [6, 5, 6],
			"to": [11, 12, 10],
			"rotation": {"angle": 45, "axis": "z", "origin": [0, 0, 0]},
			"faces": {
				"north": {"uv": [10, 2, 13.5, 2.75], "texture": "#0"},
				"east": {"uv": [10, 2, 13.5, 2.75], "texture": "#0"},
				"south": {"uv": [10, 2, 13.5, 2.75], "texture": "#0"},
				"west": {"uv": [10, 2, 13.5, 2.75], "texture": "#0"},
				"up": {"uv": [10, 2, 13.5, 2.75], "texture": "#0"},
				"down": {"uv": [10, 2, 13.5, 2.75], "texture": "#0"}
			}
		},
		{
			"name": "CosoPuffoso",
			"from": [-4, 8.5, 6],
			"to": [1, 13.5, 10],
			"rotation": {"angle": 22.5, "axis": "z", "origin": [0, 0, 0]},
			"faces": {
				"north": {"uv": [9.75, 9.25, 11, 10.5], "texture": "#0"},
				"east": {"uv": [9.75, 9.25, 11, 10.5], "texture": "#0"},
				"south": {"uv": [9.75, 9.25, 11, 10.5], "texture": "#0"},
				"west": {"uv": [9.75, 9.25, 11, 10.5], "texture": "#0"},
				"up": {"uv": [9.75, 9.25, 11, 10.5], "texture": "#0"},
				"down": {"uv": [9.75, 9.25, 11, 10.5], "texture": "#0"}
			}
		}
	],
	"display": {
		"thirdperson_righthand": {
			"translation": [0, 4, 0],
			"scale": [0.48, 0.48, 0.48]
		},
		"thirdperson_lefthand": {
			"translation": [0, 2.75, 0],
			"scale": [0.48, 0.48, 0.48]
		},
		"firstperson_righthand": {
			"translation": [0, 5.25, 0],
			"scale": [0.41, 0.41, 0.41]
		},
		"firstperson_lefthand": {
			"translation": [0, 5.25, 0],
			"scale": [-0.41, 0.41, 0.41]
		},
		"ground": {
			"rotation": [0, 0, -25],
			"translation": [1, 2.25, 0.5],
			"scale": [0.59, 0.59, 0.59]
		},
		"gui": {
			"translation": [3, 0, 0],
			"scale": [0.7, 0.7, 0.7]
		},
		"head": {
			"rotation": [0, 0, -12],
			"translation": [1.5, 11.25, 0],
			"scale": [1.07, 1.05, 1.05]
		},
		"fixed": {
			"rotation": [-90, 0, -21],
			"translation": [4.75, 0, -13.75],
			"scale": [1.77, 1.77, 1.77]
		}
	}
}