{
	"credit": "Made with Blockbench",
	"parent": "chiavetesoro",
	"textures": {
		"0": "./chiave",
		"particle": "./chiave"
	},
	"elements": [
		{
			"from": [6, 0, 6],
			"to": [7, 1, 9],
			"faces": {
				"north": {"uv": [6, 2, 7, 3], "texture": "#0"},
				"east": {"uv": [2, 2, 5, 3], "texture": "#0"},
				"south": {"uv": [6, 3, 7, 4], "texture": "#0"},
				"west": {"uv": [2, 3, 5, 4], "texture": "#0"},
				"up": {"uv": [3, 7, 2, 4], "texture": "#0"},
				"down": {"uv": [4, 4, 3, 7], "texture": "#0"}
			}
		},
		{
			"from": [6, 1, 2],
			"to": [7, 2, 7],
			"faces": {
				"north": {"uv": [5, 5, 6, 6], "texture": "#0"},
				"east": {"uv": [0, 0, 5, 1], "texture": "#0"},
				"south": {"uv": [6, 1, 7, 2], "texture": "#0"},
				"west": {"uv": [0, 1, 5, 2], "texture": "#0"},
				"up": {"uv": [1, 7, 0, 2], "texture": "#0"},
				"down": {"uv": [2, 2, 1, 7], "texture": "#0"}
			}
		},
		{
			"from": [6, 0, 2],
			"to": [7, 1, 3],
			"faces": {
				"north": {"uv": [3, 7, 4, 8], "texture": "#0"},
				"east": {"uv": [7, 3, 8, 4], "texture": "#0"},
				"south": {"uv": [7, 4, 8, 5], "texture": "#0"},
				"west": {"uv": [5, 7, 6, 8], "texture": "#0"},
				"up": {"uv": [8, 6, 7, 5], "texture": "#0"},
				"down": {"uv": [7, 7, 6, 8], "texture": "#0"}
			}
		},
		{
			"from": [6, 0, 4],
			"to": [7, 1, 5],
			"faces": {
				"north": {"uv": [7, 6, 8, 7], "texture": "#0"},
				"east": {"uv": [7, 7, 8, 8], "texture": "#0"},
				"south": {"uv": [0, 8, 1, 9], "texture": "#0"},
				"west": {"uv": [8, 0, 9, 1], "texture": "#0"},
				"up": {"uv": [2, 9, 1, 8], "texture": "#0"},
				"down": {"uv": [9, 1, 8, 2], "texture": "#0"}
			}
		},
		{
			"from": [6, 1, 8],
			"to": [7, 2, 9],
			"faces": {
				"north": {"uv": [6, 6, 7, 7], "texture": "#0"},
				"east": {"uv": [0, 7, 1, 8], "texture": "#0"},
				"south": {"uv": [1, 7, 2, 8], "texture": "#0"},
				"west": {"uv": [7, 1, 8, 2], "texture": "#0"},
				"up": {"uv": [3, 8, 2, 7], "texture": "#0"},
				"down": {"uv": [8, 2, 7, 3], "texture": "#0"}
			}
		},
		{
			"from": [6, 2, 6],
			"to": [7, 3, 9],
			"faces": {
				"north": {"uv": [5, 6, 6, 7], "texture": "#0"},
				"east": {"uv": [4, 4, 7, 5], "texture": "#0"},
				"south": {"uv": [6, 5, 7, 6], "texture": "#0"},
				"west": {"uv": [5, 0, 8, 1], "texture": "#0"},
				"up": {"uv": [6, 4, 5, 1], "texture": "#0"},
				"down": {"uv": [5, 5, 4, 8], "texture": "#0"}
			}
		}
	],
	"display": {
		"thirdperson_righthand": {
			"translation": [1.25, 4.5, 0]
		},
		"thirdperson_lefthand": {
			"translation": [-1.5, 4.5, 0]
		},
		"firstperson_righthand": {
			"translation": [16, 11, -8.5],
			"scale": [2.37, 2.37, 2.37]
		},
		"firstperson_lefthand": {
			"translation": [16, 11, -4.25],
			"scale": [2.37, 2.37, 2.37]
		},
		"ground": {
			"translation": [0, 7, 2.5]
		},
		"gui": {
			"rotation": [82.69, 56.79, -83.89],
			"translation": [10.75, 7.25, 0],
			"scale": [1.91, 1.91, 1.91]
		},
		"head": {
			"rotation": [14, 0, 0],
			"translation": [2.5, 16.75, 0],
			"scale": [1.79, 1.79, 1.79]
		},
		"fixed": {
			"rotation": [0, 90, 0],
			"translation": [6.75, 24, -7.75],
			"scale": [3.9, 3.9, 3.9]
		}
	}
}