{
	"credit": "Made with Blockbench",
	"parent": "tesoro",
	"texture_size": [64, 64],
	"textures": {
		"1": "./tesoro",
		"particle": "./tesoro"
	},
	"elements": [
		{
			"from": [12, 9, 3],
			"to": [13, 10, 4],
			"faces": {
				"north": {"uv": [0.25, 7.25, 0.5, 7.5], "texture": "#1"},
				"east": {"uv": [0, 7.25, 0.25, 7.5], "texture": "#1"},
				"south": {"uv": [0.75, 7.25, 1, 7.5], "texture": "#1"},
				"west": {"uv": [0.5, 7.25, 0.75, 7.5], "texture": "#1"},
				"up": {"uv": [0.5, 7.25, 0.25, 7], "texture": "#1"},
				"down": {"uv": [0.75, 7, 0.5, 7.25], "texture": "#1"}
			}
		},
		{
			"from": [1, 9, 4],
			"to": [15, 10, 12],
			"faces": {
				"north": {"uv": [2, 6.75, 5.5, 7], "texture": "#1"},
				"east": {"uv": [0, 6.75, 2, 7], "texture": "#1"},
				"south": {"uv": [7.5, 6.75, 11, 7], "texture": "#1"},
				"west": {"uv": [5.5, 6.75, 7.5, 7], "texture": "#1"},
				"up": {"uv": [5.5, 6.75, 2, 4.75], "texture": "#1"},
				"down": {"uv": [9, 4.75, 5.5, 6.75], "texture": "#1"}
			}
		},
		{
			"from": [1, 10, 5],
			"to": [15, 11, 11],
			"faces": {
				"north": {"uv": [1.5, 8.5, 5, 8.75], "texture": "#1"},
				"east": {"uv": [0, 8.5, 1.5, 8.75], "texture": "#1"},
				"south": {"uv": [6.5, 8.5, 10, 8.75], "texture": "#1"},
				"west": {"uv": [5, 8.5, 6.5, 8.75], "texture": "#1"},
				"up": {"uv": [5, 8.5, 1.5, 7], "texture": "#1"},
				"down": {"uv": [8.5, 7, 5, 8.5], "texture": "#1"}
			}
		},
		{
			"from": [1, 0, 3],
			"to": [15, 9, 13],
			"faces": {
				"north": {"uv": [2.5, 2.5, 6, 4.75], "texture": "#1"},
				"east": {"uv": [0, 2.5, 2.5, 4.75], "texture": "#1"},
				"south": {"uv": [8.5, 2.5, 12, 4.75], "texture": "#1"},
				"west": {"uv": [6, 2.5, 8.5, 4.75], "texture": "#1"},
				"up": {"uv": [6, 2.5, 2.5, 0], "texture": "#1"},
				"down": {"uv": [9.5, 0, 6, 2.5], "texture": "#1"}
			}
		},
		{
			"from": [12, 0, 2],
			"to": [13, 9, 3],
			"faces": {
				"north": {"uv": [1.25, 0.25, 1.5, 2.5], "texture": "#1"},
				"east": {"uv": [1, 0.25, 1.25, 2.5], "texture": "#1"},
				"south": {"uv": [1.75, 0.25, 2, 2.5], "texture": "#1"},
				"west": {"uv": [1.5, 0.25, 1.75, 2.5], "texture": "#1"},
				"up": {"uv": [1.5, 0.25, 1.25, 0], "texture": "#1"},
				"down": {"uv": [1.75, 0, 1.5, 0.25], "texture": "#1"}
			}
		},
		{
			"from": [12, 11, 5],
			"to": [13, 12, 11],
			"faces": {
				"north": {"uv": [10, 8.75, 10.25, 9], "texture": "#1"},
				"east": {"uv": [8.5, 8.75, 10, 9], "texture": "#1"},
				"south": {"uv": [11.75, 8.75, 12, 9], "texture": "#1"},
				"west": {"uv": [10.25, 8.75, 11.75, 9], "texture": "#1"},
				"up": {"uv": [10.25, 8.75, 10, 7.25], "texture": "#1"},
				"down": {"uv": [10.5, 7.25, 10.25, 8.75], "texture": "#1"}
			}
		},
		{
			"from": [12, 10, 4],
			"to": [13, 11, 5],
			"faces": {
				"north": {"uv": [0.25, 8.25, 0.5, 8.5], "texture": "#1"},
				"east": {"uv": [0, 8.25, 0.25, 8.5], "texture": "#1"},
				"south": {"uv": [0.75, 8.25, 1, 8.5], "texture": "#1"},
				"west": {"uv": [0.5, 8.25, 0.75, 8.5], "texture": "#1"},
				"up": {"uv": [0.5, 8.25, 0.25, 8], "texture": "#1"},
				"down": {"uv": [0.75, 8, 0.5, 8.25], "texture": "#1"}
			}
		},
		{
			"from": [12, 9, 12],
			"to": [13, 10, 13],
			"faces": {
				"north": {"uv": [0.25, 7.75, 0.5, 8], "texture": "#1"},
				"east": {"uv": [0, 7.75, 0.25, 8], "texture": "#1"},
				"south": {"uv": [0.75, 7.75, 1, 8], "texture": "#1"},
				"west": {"uv": [0.5, 7.75, 0.75, 8], "texture": "#1"},
				"up": {"uv": [0.5, 7.75, 0.25, 7.5], "texture": "#1"},
				"down": {"uv": [0.75, 7.5, 0.5, 7.75], "texture": "#1"}
			}
		},
		{
			"from": [12, 0, 13],
			"to": [13, 9, 14],
			"faces": {
				"north": {"uv": [0.25, 0.25, 0.5, 2.5], "texture": "#1"},
				"east": {"uv": [0, 0.25, 0.25, 2.5], "texture": "#1"},
				"south": {"uv": [0.75, 0.25, 1, 2.5], "texture": "#1"},
				"west": {"uv": [0.5, 0.25, 0.75, 2.5], "texture": "#1"},
				"up": {"uv": [0.5, 0.25, 0.25, 0], "texture": "#1"},
				"down": {"uv": [0.75, 0, 0.5, 0.25], "texture": "#1"}
			}
		},
		{
			"from": [6, 4, 13],
			"to": [7, 6, 14],
			"faces": {
				"north": {"uv": [1.25, 5.75, 1.5, 6.25], "texture": "#1"},
				"east": {"uv": [1, 5.75, 1.25, 6.25], "texture": "#1"},
				"south": {"uv": [1.75, 5.75, 2, 6.25], "texture": "#1"},
				"west": {"uv": [1.5, 5.75, 1.75, 6.25], "texture": "#1"},
				"up": {"uv": [1.5, 5.75, 1.25, 5.5], "texture": "#1"},
				"down": {"uv": [1.75, 5.5, 1.5, 5.75], "texture": "#1"}
			}
		},
		{
			"from": [7, 5, 13],
			"to": [9, 7, 14],
			"faces": {
				"north": {"uv": [0.25, 5, 0.75, 5.5], "texture": "#1"},
				"east": {"uv": [0, 5, 0.25, 5.5], "texture": "#1"},
				"south": {"uv": [1, 5, 1.5, 5.5], "texture": "#1"},
				"west": {"uv": [0.75, 5, 1, 5.5], "texture": "#1"},
				"up": {"uv": [0.75, 5, 0.25, 4.75], "texture": "#1"},
				"down": {"uv": [1.25, 4.75, 0.75, 5], "texture": "#1"}
			}
		},
		{
			"from": [9, 4, 13],
			"to": [10, 6, 14],
			"faces": {
				"north": {"uv": [0.25, 5.75, 0.5, 6.25], "texture": "#1"},
				"east": {"uv": [0, 5.75, 0.25, 6.25], "texture": "#1"},
				"south": {"uv": [0.75, 5.75, 1, 6.25], "texture": "#1"},
				"west": {"uv": [0.5, 5.75, 0.75, 6.25], "texture": "#1"},
				"up": {"uv": [0.5, 5.75, 0.25, 5.5], "texture": "#1"},
				"down": {"uv": [0.75, 5.5, 0.5, 5.75], "texture": "#1"}
			}
		},
		{
			"from": [7, 3, 13],
			"to": [9, 4, 14],
			"faces": {
				"north": {"uv": [5.75, 9, 6.25, 9.25], "texture": "#1"},
				"east": {"uv": [5.5, 9, 5.75, 9.25], "texture": "#1"},
				"south": {"uv": [6.5, 9, 7, 9.25], "texture": "#1"},
				"west": {"uv": [6.25, 9, 6.5, 9.25], "texture": "#1"},
				"up": {"uv": [6.25, 9, 5.75, 8.75], "texture": "#1"},
				"down": {"uv": [6.75, 8.75, 6.25, 9], "texture": "#1"}
			}
		},
		{
			"from": [12, 10, 11],
			"to": [13, 11, 12],
			"faces": {
				"north": {"uv": [8.75, 7.25, 9, 7.5], "texture": "#1"},
				"east": {"uv": [8.5, 7.25, 8.75, 7.5], "texture": "#1"},
				"south": {"uv": [9.25, 7.25, 9.5, 7.5], "texture": "#1"},
				"west": {"uv": [9, 7.25, 9.25, 7.5], "texture": "#1"},
				"up": {"uv": [9, 7.25, 8.75, 7], "texture": "#1"},
				"down": {"uv": [9.25, 7, 9, 7.25], "texture": "#1"}
			}
		},
		{
			"from": [3, 0, 13],
			"to": [4, 9, 14],
			"faces": {
				"north": {"uv": [0.25, 0.25, 0.5, 2.5], "texture": "#1"},
				"east": {"uv": [0, 0.25, 0.25, 2.5], "texture": "#1"},
				"south": {"uv": [0.75, 0.25, 1, 2.5], "texture": "#1"},
				"west": {"uv": [0.5, 0.25, 0.75, 2.5], "texture": "#1"},
				"up": {"uv": [0.5, 0.25, 0.25, 0], "texture": "#1"},
				"down": {"uv": [0.75, 0, 0.5, 0.25], "texture": "#1"}
			}
		},
		{
			"from": [3, 9, 12],
			"to": [4, 10, 13],
			"faces": {
				"north": {"uv": [0.25, 7.75, 0.5, 8], "texture": "#1"},
				"east": {"uv": [0, 7.75, 0.25, 8], "texture": "#1"},
				"south": {"uv": [0.75, 7.75, 1, 8], "texture": "#1"},
				"west": {"uv": [0.5, 7.75, 0.75, 8], "texture": "#1"},
				"up": {"uv": [0.5, 7.75, 0.25, 7.5], "texture": "#1"},
				"down": {"uv": [0.75, 7.5, 0.5, 7.75], "texture": "#1"}
			}
		},
		{
			"from": [3, 10, 11],
			"to": [4, 11, 12],
			"faces": {
				"north": {"uv": [8.75, 7.25, 9, 7.5], "texture": "#1"},
				"east": {"uv": [8.5, 7.25, 8.75, 7.5], "texture": "#1"},
				"south": {"uv": [9.25, 7.25, 9.5, 7.5], "texture": "#1"},
				"west": {"uv": [9, 7.25, 9.25, 7.5], "texture": "#1"},
				"up": {"uv": [9, 7.25, 8.75, 7], "texture": "#1"},
				"down": {"uv": [9.25, 7, 9, 7.25], "texture": "#1"}
			}
		},
		{
			"from": [3, 11, 5],
			"to": [4, 12, 11],
			"faces": {
				"north": {"uv": [10, 8.75, 10.25, 9], "texture": "#1"},
				"east": {"uv": [8.5, 8.75, 10, 9], "texture": "#1"},
				"south": {"uv": [11.75, 8.75, 12, 9], "texture": "#1"},
				"west": {"uv": [10.25, 8.75, 11.75, 9], "texture": "#1"},
				"up": {"uv": [10.25, 8.75, 10, 7.25], "texture": "#1"},
				"down": {"uv": [10.5, 7.25, 10.25, 8.75], "texture": "#1"}
			}
		},
		{
			"from": [3, 10, 4],
			"to": [4, 11, 5],
			"faces": {
				"north": {"uv": [0.25, 8.25, 0.5, 8.5], "texture": "#1"},
				"east": {"uv": [0, 8.25, 0.25, 8.5], "texture": "#1"},
				"south": {"uv": [0.75, 8.25, 1, 8.5], "texture": "#1"},
				"west": {"uv": [0.5, 8.25, 0.75, 8.5], "texture": "#1"},
				"up": {"uv": [0.5, 8.25, 0.25, 8], "texture": "#1"},
				"down": {"uv": [0.75, 8, 0.5, 8.25], "texture": "#1"}
			}
		},
		{
			"from": [3, 9, 3],
			"to": [4, 10, 4],
			"faces": {
				"north": {"uv": [0.25, 7.25, 0.5, 7.5], "texture": "#1"},
				"east": {"uv": [0, 7.25, 0.25, 7.5], "texture": "#1"},
				"south": {"uv": [0.75, 7.25, 1, 7.5], "texture": "#1"},
				"west": {"uv": [0.5, 7.25, 0.75, 7.5], "texture": "#1"},
				"up": {"uv": [0.5, 7.25, 0.25, 7], "texture": "#1"},
				"down": {"uv": [0.75, 7, 0.5, 7.25], "texture": "#1"}
			}
		},
		{
			"from": [3, 0, 2],
			"to": [4, 9, 3],
			"faces": {
				"north": {"uv": [1.25, 0.25, 1.5, 2.5], "texture": "#1"},
				"east": {"uv": [1, 0.25, 1.25, 2.5], "texture": "#1"},
				"south": {"uv": [1.75, 0.25, 2, 2.5], "texture": "#1"},
				"west": {"uv": [1.5, 0.25, 1.75, 2.5], "texture": "#1"},
				"up": {"uv": [1.5, 0.25, 1.25, 0], "texture": "#1"},
				"down": {"uv": [1.75, 0, 1.5, 0.25], "texture": "#1"}
			}
		}
	],
	"display": {
		"thirdperson_righthand": {
			"rotation": [90, -180, 0],
			"translation": [-5.75, -2.25, 0.5],
			"scale": [1.55, 1.55, 1.55]
		},
		"firstperson_righthand": {
			"translation": [0, 5, 0]
		},
		"firstperson_lefthand": {
			"translation": [0, 4.5, 0]
		},
		"ground": {
			"translation": [0, 5.25, 0]
		},
		"head": {
			"rotation": [0, -180, 0],
			"translation": [0, -6.75, 0],
			"scale": [3.09, 3.09, 3.09]
		}
	}
}