{
	"credit": "Made with Blockbench",
	"parent": "banhammer",
	"texture_size": [64, 64],
	"textures": {
		"0": "./texture",
		"particle": "./texture"
	},
	"elements": [
		{
			"from": [7, 0, 7],
			"to": [9, 20, 9],
			"faces": {
				"north": {"uv": [0, 6, 0.5, 11], "texture": "#0"},
				"east": {"uv": [0.5, 6, 1, 11], "texture": "#0"},
				"south": {"uv": [1, 6, 1.5, 11], "texture": "#0"},
				"west": {"uv": [1.5, 6, 2, 11], "texture": "#0"},
				"up": {"uv": [8, 4.25, 7.5, 3.75], "texture": "#0"},
				"down": {"uv": [4.75, 7.5, 4.25, 8], "texture": "#0"}
			}
		},
		{
			"from": [2.5, 20, 5],
			"to": [14.5, 26, 11],
			"rotation": {"angle": 0, "axis": "z", "origin": [8, 29, 8]},
			"faces": {
				"north": {"uv": [0, 0, 3, 1.5], "texture": "#0"},
				"east": {"uv": [6, 0, 7.5, 1.5], "texture": "#0"},
				"south": {"uv": [0, 1.5, 3, 3], "texture": "#0"},
				"west": {"uv": [2, 6, 3.5, 7.5], "texture": "#0"},
				"up": {"uv": [3, 4.5, 0, 3], "texture": "#0"},
				"down": {"uv": [6, 0, 3, 1.5], "texture": "#0"}
			}
		},
		{
			"from": [14.5, 22.5, 5],
			"to": [21, 28.75, 11],
			"rotation": {"angle": -22.5, "axis": "z", "origin": [8, 29, 8], "rescale": true},
			"faces": {
				"north": {"uv": [4, 4.5, 5.75, 6], "texture": "#0"},
				"east": {"uv": [3.5, 6, 5, 7.5], "texture": "#0"},
				"south": {"uv": [5, 1.5, 6.75, 3], "texture": "#0"},
				"west": {"uv": [5, 6, 6.5, 7.5], "texture": "#0"},
				"up": {"uv": [6.75, 4.5, 5, 3], "texture": "#0"},
				"down": {"uv": [7.5, 4.5, 5.75, 6], "texture": "#0"}
			}
		},
		{
			"from": [-6, 22.5, 5],
			"to": [2.25, 28.5, 11],
			"rotation": {"angle": 22.5, "axis": "z", "origin": [8, 29, 8], "rescale": true},
			"faces": {
				"north": {"uv": [3, 1.5, 5, 3], "texture": "#0"},
				"east": {"uv": [6.5, 6, 8, 7.5], "texture": "#0"},
				"south": {"uv": [3, 3, 5, 4.5], "texture": "#0"},
				"west": {"uv": [6.75, 1.5, 8.25, 3], "texture": "#0"},
				"up": {"uv": [2, 6, 0, 4.5], "texture": "#0"},
				"down": {"uv": [4, 4.5, 2, 6], "texture": "#0"}
			}
		},
		{
			"from": [6.5, 6, 6.5],
			"to": [9.5, 11, 9.5],
			"faces": {
				"north": {"uv": [6.75, 3, 7.5, 4.25], "texture": "#0"},
				"east": {"uv": [7.5, 0, 8.25, 1.25], "texture": "#0"},
				"south": {"uv": [2, 7.5, 2.75, 8.75], "texture": "#0"},
				"west": {"uv": [2.75, 7.5, 3.5, 8.75], "texture": "#0"},
				"up": {"uv": [8.25, 3.75, 7.5, 3], "texture": "#0"},
				"down": {"uv": [4.25, 7.5, 3.5, 8.25], "texture": "#0"}
			}
		}
	],
	"display": {
		"thirdperson_righthand": {
			"rotation": [0, -83, 0],
			"translation": [0, -2.5, 1]
		},
		"thirdperson_lefthand": {
			"rotation": [0, -83, 0],
			"translation": [0, -2.5, 1]
		},
		"firstperson_righthand": {
			"rotation": [0, 104, 0],
			"scale": [0.64, 0.64, 0.64]
		},
		"firstperson_lefthand": {
			"rotation": [0, 104, 0],
			"scale": [0.64, 0.64, 0.64]
		},
		"ground": {
			"rotation": [75.75, 3.52, -16.9]
		},
		"gui": {
			"rotation": [0, 0, -37.25],
			"translation": [-3, -4, 0],
			"scale": [0.60156, 0.60156, 0.60156]
		},
		"head": {
			"translation": [0, -5, 0]
		}
	}
}