{
    "parent": "minecraft:block/carved_pumpkin",
    "overrides": [
        {
            "predicate":{
                "custom_model_data": 341501
            },
            "model": "vanillacustom:item/hat"
        },
        {
            "predicate":{
                "custom_model_data": 341502
            },
            "model": "vanillacustom:item/corona"
        },
        {
            "predicate":{
                "custom_model_data": 341503
            },
            "model": "vanillacustom:item/gentleman"
        },
	{
            "predicate":{
                "custom_model_data": 341504
            },
            "model": "vanillacustom:item/natale"
        }
    ]
}